stock_id,bullbear_xml,error
a1u3rw,"<Title>Alphabet Inc 多空论点对比</Title>
<Snapshot>
  • 最新价：161.96 USD（+1.68%）
  • 52 周区间：140.53 – 207.05
  • 市值：1.98 万亿美元
  • 股息率：0.50%
</Snapshot>
<Content>
   Bull Case（看涨理由）
  - 一季度盈利超预期（EPS 2.81美元 vs 预期2.01美元）
  - 与红杉资本合作提供AI初创企业50万美元云服务支持
  - 广告业务多元化抵御监管风险
  - 云计算和AI领域持续创新投入

   Bear Case（看跌理由）
  - 年迄今股价仍下跌14.44%
  - 面临在线搜索和广告市场的监管压力
  - 关税担忧影响科技板块整体估值
  - 远期PE估值尚未反映增长放缓风险
</Content>
<News>
  - 一季度财报电话会议显示广告业务韧性
  - 科技巨头财报季中表现相对突出
  - 市场关注AI领域投资回报周期
</News>
<Valuation>
  • TTM PE：17.75
  • 股息率：0.50%
  • 股价/52周高点：-21.8%
</Valuation>
<Poll>
  <Question>你当前立场？</Question>
  <Answer>看涨（强劲盈利+AI布局）</Answer>
  <Answer>中性（平衡监管与增长）</Answer>
  <Answer>看跌（估值仍未充分反映风险）</Answer>
</Poll>",
a1xzim,"<Title>Microsoft Corp 多空论点对比</Title>
<Snapshot>
  • 最新价：391.85 USD（+1.17%）
  • 52 周区间：344.79 – 468.35
  • 市值：2.91万亿美元
</Snapshot>
<Content>
   Bull Case（看涨论点）
  - 云计算业务持续领跑：Azure智能云业务增速超行业平均，AI服务渗透率提升
  - 现金流充沛：年经营性现金流超880亿美元，支持AI+云战略投入
   Bear Case（看跌论点）
  - 估值压力：TTM PE 31.2倍，高于5年均值28.5倍
  - 监管风险：全球反垄断审查加强，Teams等核心产品面临分拆压力
</Content>
<News>
  - 财报周前瞻：微软将于4月30日公布Q3财报，Zacks预期营收增长10.55%
  - 分析师一致看好：20位覆盖分析师全部给予""买入""评级
  - AI投资回报周期：市场关注Copilot等AI产品商业化进展
</News>
<Valuation>
  • TTM PE：31.20
  • Forward PE：28.75（基于FY2025预期）
  • PEG：1.82（按15%长期增速计算）
</Valuation>
<Poll>
  <Question>你当前立场？</Question>
  <Answer>看涨</Answer>
  <Answer>中性</Answer>
  <Answer>看跌</Answer>
</Poll>

注：数据截至2025年4月25日收盘，微软股价较52周高点回落16.3%，股息率0.86%",
a1mou2,"<Title>Apple Inc 多空论点对比</Title>
<Snapshot>
  • 最新价：209.28 USD（+0.44%）
  • 52 周区间：169.11 – 260.1
  • 市值：3143.82 B
</Snapshot>
<Content>
   Bull Case（看涨理由）
  - 强大的品牌忠诚度与生态系统粘性（iPhone/iPad/Mac协同效应）
  - 服务业务持续增长（年收入突破850亿美元，毛利率超70%）
  - 现金储备达1670亿美元支持创新/回购（2024Q2回购900亿美元）

   Bear Case（看跌理由）
  - 中国市场需求疲软（2024Q2大中华区营收同比下滑8%）
  - 创新瓶颈争议（Vision Pro销量不及预期，AI布局滞后）
  - 关税风险加剧（科技产品可能面临新关税冲击）
</Content>
<News>
  - 科技高管开始讨论关税影响（可能冲击苹果亚马逊盈利）
  - 美国银行公布惊人目标价（财报前大幅调整预期）
  - 吉姆·克莱默批评增长乏力（""增速不及市场期待""）
</News>
<Valuation>
  • TTM PE：29.9x（高于5年均值26.4x）
  • Forward PE：27.2x（基于2025EPS）
  • PEG：2.1x（增长溢价明显）
</Valuation>
<Poll>
  <Question>你当前立场？</Question>
  <Answer>看涨</Answer>
  <Answer>中性</Answer>
  <Answer>看跌</Answer>
</Poll>",
a24kar,"<Title>Tesla Inc 多空论点对比</Title>
<Snapshot>
  • 最新价：284.95 USD（+9.80%）
  • 52 周区间：167.41 – 488.54
  • 市值：9178.11亿美元
</Snapshot>
<Content>
   Bull Case（看涨论点）
  - 技术领先优势：FSD自动驾驶和机器人出租车进展超预期（财报会议确认）
  - 产品线扩张：Cybertruck量产爬坡 + 平价车型2025年投产
  - 现金流改善：Q1自由现金流转正，储能业务同比增长140%
  
   Bear Case（看跌论点）
  - 估值泡沫：TTM市盈率142.8倍，远高于汽车行业平均水平
  - 中国竞争：比亚迪等本土品牌蚕食市场份额（分析师警告）
  - 执行风险：Model 3/Y需求疲软，库存周转天数同比增加27%
</Content>
<News>
  - 马斯克承诺将重心转回特斯拉（股价当日大涨18%）
  - 分析师警告估值过高，中国竞争对手威胁加剧
  - 推出Model 3零首付租赁促销（349美元/月）
</News>
<Valuation>
  • TTM PE：142.83
  • Forward PE：78.2（基于2025年盈利预测）
  • PEG：2.1（增长溢价明显）
</Valuation>
<Poll>
  <Question>你当前立场？</Question>
  <Answer>看涨</Answer>
  <Answer>中性</Answer>
  <Answer>看跌</Answer>
</Poll>",
a1nhlh,"<Title>Amazon.com Inc 多空论点对比</Title>
<Snapshot>
  • 最新价：188.99 USD（+1.31%）
  • 52 周区间：151.61 – 242.52
  • 市值：2005.63 B
</Snapshot>
<Content>
   Bull Case
  - 云业务AWS持续领跑全球，营业利润率超30%（2024Q4数据）
  - 广告业务同比增速达26%，成为新利润引擎
  - 国际电商亏损收窄，印度及拉美市场增长显著
  
   Bear Case
  - 零售业务面临Temu/Shein低价竞争，北美增速放缓至7%
  - 物流成本占比升至22%（2023年18%）
  - 欧盟数字市场法案或导致年增30亿欧元合规成本
</Content>
<News>
  - 关税政策或影响硬件业务利润率（Kindle/Alexa）
  - 华尔街维持60+买入评级，但估值分歧扩大
  - 分析师指当前股价可能低估50%（DCF模型）
</News>
<Valuation>
  • TTM PE：33.8x（高于5年均值28x）
  • Forward PE：25.3x（基于2025EPS）
  • PEG：1.2x（按3年CAGR28%计算）
</Valuation>
<Poll>
  <Question>你当前立场？</Question>
  <Answer>看涨</Answer>
  <Answer>中性</Answer>
  <Answer>看跌</Answer>
</Poll>",
a1yv52,"<Title>NVIDIA Corp 多空论点对比</Title>
<Snapshot>
  • 最新价：111.01 USD（+4.30%）
  • 52 周区间：81.25 – 153.13
  • 市值：2708.64 B
</Snapshot>
<Content>
   Bull Case
  - AI领域绝对领导者，数据中心业务同比增长409%（Q4财报）
  - 与苹果等巨头共建AI工厂，175亿美元土地投资扩展产能
  - 对冲基金首选安全股，机构持仓比例持续上升

   Bear Case
  - 估值偏高：TTM PE 36.2x，高于半导体行业平均28x
  - 年内股价回调30%，技术面仍处下行通道
  - 地缘政治风险：对华高端芯片出口受限影响收入
</Content>
<News>
  - 对冲基金评NVDA为最安全持仓标的
  - 与苹果合作在休斯顿建设AI工厂
  - 分析师预测5月财报后将迎来大涨
</News>
<Valuation>
  • TTM PE：36.207
  • Forward PE：32.1（预估）
  • PEG：1.8（成长性溢价）
</Valuation>
<Poll>
  <Question>你当前立场？</Question>
  <Answer>看涨</Answer>
  <Answer>中性</Answer>
  <Answer>看跌</Answer>
</Poll>",
a1ndww,"<Title>Advanced Micro Devices Inc 多空论点对比</Title>
<Snapshot>
  • 最新价：96.65 USD（+2.30%）
  • 52 周区间：76.48 – 187.28
  • 市值：1562.1亿美元
</Snapshot>
<Content>
   Bull Case
  - 人工智能芯片领域强势布局，MI300系列GPU获微软/亚马逊等巨头采用
  - 2024年半导体行业增长预期上调至17%，Citi维持买入评级
  - 数据中心业务同比增长80%，市场份额持续侵蚀英特尔
  
   Bear Case
  - 估值高企（TTM PE 94倍），显著高于行业均值
  - 52周股价已自高点回撤48%，技术面仍处下行通道
  - 面临英伟达在AI芯片市场的压倒性竞争优势（市占率超80%）
</Content>
<News>
  - 入选""10大即将暴涨的AI概念股""名单
  - 获美国议员Marjorie Taylor Greene持仓披露
  - 受美国对华半导体政策松动传闻刺激单日大涨4.5%
</News>
<Valuation>
  • TTM PE：94.17
  • Forward PE：38.2（基于2024预期EPS）
  • PEG：1.8（按未来3年CAGR 52%计算）
</Valuation>
<Poll>
  <Question>你当前立场？</Question>
  <Answer>看涨</Answer>
  <Answer>中性</Answer>
  <Answer>看跌</Answer>
</Poll>

注：估值数据基于LSEG最新分析师共识预期，技术面分析采用周线级别数据",
a1vmf2,"<Title>Intel Corp 多空论点对比</Title>
<Snapshot>
  • 最新价：20.05 USD（-6.7008%）
  • 52 周区间：17.67 – 37.16
  • 市值：87.46 B
</Snapshot>
<Content>
   Bull Case
  - 业绩超预期：Q1 2025 EPS 0.13美元，大幅超越市场预期的0.0068美元
  - 代工战略转型：加速向第三方代工模式转变，可能提升资本效率
   Bear Case
  - 量化模型评级低迷：UBS量化模型显示其在美国科技股中排名垫底
  - 战略执行风险：外包战略转型导致股价单日暴跌6.7%，市场信心不足
</Content>
<News>
  - Intel Corporation (NASDAQ:INTC) Q1 2025 Earnings Call Transcript
  - Intel Corporation (INTC) Ranked Among Lowest in UBS Quantamental Model for U.S. Tech, Lagging Behind Arista, Broadcom, and Oracle
  - Live Nasdaq Composite: GOOGL (Nasdaq: GOOGL) Rises, INTC (Nasdaq: INTC) Sinks on Tech Earnings Day
</News>
<Valuation>
  • TTM PE：0.0
  • Forward PE：N/A
  • PEG：N/A
</Valuation>
<Poll>
  <Question>你当前立场？</Question>
  <Answer>看涨</Answer>
  <Answer>中性</Answer>
  <Answer>看跌</Answer>
</Poll>",
a1slm7,"<Title>Meta Platforms Inc 多空论点对比</Title>
<Snapshot>
  • 最新价：547.27 USD（+2.65%）
  • 52 周区间：427.11 – 740.91
  • 市值：1381.56 B
</Snapshot>
<Content>
   Bull Case
  - 广告业务复苏：受益于数字广告市场回暖，Q1营收预期同比增超10%
  - AI技术领先：Llama大模型与元宇宙基础设施投入持续获得资本认可
  - 现金流强劲：TTM市盈率22倍低于行业均值，自由现金流转化率提升

   Bear Case
  - 监管风险加剧：面临全球多国数据隐私诉讼及反垄断调查
  - 估值压力：当前股价较52周高点仍低26%，反映增长瓶颈担忧
  - Reality Labs持续亏损：元宇宙部门年亏损超百亿拖累整体利润率
</Content>
<News>
  - 财报周焦点：与微软、苹果等科技巨头同期发布季报（4/28-5/2）
  - 分析师普遍预期EPS 4.32美元，营收364.8亿美元（Zacks共识预测）
  - 吉姆·克莱默提示""元宇宙业务可能带来意外惊喜""
</News>
<Valuation>
  • TTM PE：22.07
  • Forward PE：19.2（基于2025 EPS预估）
  • PEG：1.18（按3年CAGR 18.7%计算）
</Valuation>
<Poll>
  <Question>你当前立场？</Question>
  <Answer>看涨</Answer>
  <Answer>中性</Answer>
  <Answer>看跌</Answer>
</Poll>

注：估值数据更新至2025-04-25，包含盘后交易变动（+0.13%）",
